[
  {
    "id": "462f6eb1-2e6e-45dc-b79b-274fa4728d58",
    "data": [
      {
        "text": "order ",
        "userDefined": false
      },
      {
        "text": "here",
        "meta": "@sys.address",
        "alias": "address",
        "userDefined": true
      }
    ],
    "isTemplate": false,
    "count": 0,
    "lang": "en",
    "updated": 0
  },
  {
    "id": "cb420dfa-0f9f-4485-84f0-ab8d80c0e26c",
    "data": [
      {
        "text": "order pizza ",
        "userDefined": false
      },
      {
        "text": "now",
        "meta": "@sys.date-time",
        "alias": "date-time",
        "userDefined": true
      }
    ],
    "isTemplate": false,
    "count": 0,
    "lang": "en",
    "updated": 0
  },
  {
    "id": "512ff05f-42d1-47c4-92c0-355c725c38d3",
    "data": [
      {
        "text": "tell me ",
        "userDefined": false
      },
      {
        "text": "toppings",
        "meta": "@toppings",
        "alias": "toppings",
        "userDefined": true
      },
      {
        "text": " of pizza",
        "userDefined": false
      }
    ],
    "isTemplate": false,
    "count": 0,
    "lang": "en",
    "updated": 0
  },
  {
    "id": "ca67b081-57b6-4727-9b2c-6569ff2f04e9",
    "data": [
      {
        "text": "tell me ",
        "userDefined": false
      },
      {
        "text": "size",
        "meta": "@size",
        "alias": "size",
        "userDefined": true
      }
    ],
    "isTemplate": false,
    "count": 0,
    "lang": "en",
    "updated": 0
  },
  {
    "id": "695a9409-08e2-454d-ba5c-fb9bc137ee7c",
    "data": [
      {
        "text": "book pizza tomy moble ",
        "userDefined": false
      },
      {
        "text": "0764089567",
        "meta": "@sys.phone-number",
        "alias": "phone-number",
        "userDefined": true
      }
    ],
    "isTemplate": false,
    "count": 0,
    "lang": "en",
    "updated": 0
  },
  {
    "id": "679d0817-5f96-4da2-82a9-1ba267f6c985",
    "data": [
      {
        "text": "could you order pizza to my mailid ",
        "userDefined": false
      },
      {
        "text": "moahmmed@gmail.com",
        "meta": "@sys.email",
        "alias": "email",
        "userDefined": true
      }
    ],
    "isTemplate": false,
    "count": 0,
    "lang": "en",
    "updated": 0
  },
  {
    "id": "bf0126da-b6a1-4a40-a5e6-cd7dc510453e",
    "data": [
      {
        "text": "order pizza",
        "userDefined": false
      }
    ],
    "isTemplate": false,
    "count": 0,
    "lang": "en",
    "updated": 0
  },
  {
    "id": "f6db751f-91fb-4592-b0df-bea297a4d3e5",
    "data": [
      {
        "text": "book pizza",
        "userDefined": false
      }
    ],
    "isTemplate": false,
    "count": 0,
    "lang": "en",
    "updated": 0
  }
]