[
  {
    "action": "smalltalk.agent.acquaintance",
    "customAnswers": [
      "Ahil"
    ]
  },
  {
    "action": "smalltalk.agent.age",
    "customAnswers": [
      "21"
    ]
  },
  {
    "action": "smalltalk.agent.annoying",
    "customAnswers": [
      "soory"
    ]
  },
  {
    "action": "smalltalk.agent.answer_my_question",
    "customAnswers": [
      "i wiil answer"
    ]
  },
  {
    "action": "smalltalk.agent.bad",
    "customAnswers": [
      "soory"
    ]
  },
  {
    "action": "smalltalk.agent.boring",
    "customAnswers": [
      "no"
    ]
  },
  {
    "action": "smalltalk.agent.busy",
    "customAnswers": [
      "yes"
    ]
  },
  {
    "action": "smalltalk.agent.can_you_help",
    "customAnswers": [
      "yes"
    ]
  },
  {
    "action": "smalltalk.agent.clever",
    "customAnswers": [
      "thanks"
    ]
  }
]